-- MySQL dump 10.13  Distrib 5.6.37, for Win32 (AMD64)
--
-- Host: localhost    Database: alevel
-- ------------------------------------------------------
-- Server version	5.6.37

/*!40101 SET @OLD_CHARACTER_SET_CLIENT=@@CHARACTER_SET_CLIENT */;
/*!40101 SET @OLD_CHARACTER_SET_RESULTS=@@CHARACTER_SET_RESULTS */;
/*!40101 SET @OLD_COLLATION_CONNECTION=@@COLLATION_CONNECTION */;
/*!40101 SET NAMES utf8 */;
/*!40103 SET @OLD_TIME_ZONE=@@TIME_ZONE */;
/*!40103 SET TIME_ZONE='+00:00' */;
/*!40014 SET @OLD_UNIQUE_CHECKS=@@UNIQUE_CHECKS, UNIQUE_CHECKS=0 */;
/*!40014 SET @OLD_FOREIGN_KEY_CHECKS=@@FOREIGN_KEY_CHECKS, FOREIGN_KEY_CHECKS=0 */;
/*!40101 SET @OLD_SQL_MODE=@@SQL_MODE, SQL_MODE='NO_AUTO_VALUE_ON_ZERO' */;
/*!40111 SET @OLD_SQL_NOTES=@@SQL_NOTES, SQL_NOTES=0 */;

--
-- Table structure for table `directions`
--

DROP TABLE IF EXISTS `directions`;
/*!40101 SET @saved_cs_client     = @@character_set_client */;
/*!40101 SET character_set_client = utf8 */;
CREATE TABLE `directions` (
  `id` int(5) NOT NULL AUTO_INCREMENT,
  `direction` varchar(50) NOT NULL DEFAULT '',
  PRIMARY KEY (`id`)
) ENGINE=InnoDB AUTO_INCREMENT=6 DEFAULT CHARSET=utf8;
/*!40101 SET character_set_client = @saved_cs_client */;

--
-- Dumping data for table `directions`
--

LOCK TABLES `directions` WRITE;
/*!40000 ALTER TABLE `directions` DISABLE KEYS */;
INSERT INTO `directions` VALUES (1,'QA'),(2,'Java'),(3,'PHP'),(4,'Design'),(5,'pyton');
/*!40000 ALTER TABLE `directions` ENABLE KEYS */;
UNLOCK TABLES;

--
-- Table structure for table `groups`
--

DROP TABLE IF EXISTS `groups`;
/*!40101 SET @saved_cs_client     = @@character_set_client */;
/*!40101 SET character_set_client = utf8 */;
CREATE TABLE `groups` (
  `id` int(5) NOT NULL AUTO_INCREMENT,
  `groups` varchar(50) NOT NULL DEFAULT '',
  `g_s` varchar(50) NOT NULL DEFAULT '',
  PRIMARY KEY (`id`)
) ENGINE=InnoDB AUTO_INCREMENT=6 DEFAULT CHARSET=utf8;
/*!40101 SET character_set_client = @saved_cs_client */;

--
-- Dumping data for table `groups`
--

LOCK TABLES `groups` WRITE;
/*!40000 ALTER TABLE `groups` DISABLE KEYS */;
INSERT INTO `groups` VALUES (1,'Java5','2'),(2,'QA7','1'),(3,'design7','4'),(4,'PHP11','3'),(5,'pyton8','5');
/*!40000 ALTER TABLE `groups` ENABLE KEYS */;
UNLOCK TABLES;

--
-- Table structure for table `level`
--

DROP TABLE IF EXISTS `level`;
/*!40101 SET @saved_cs_client     = @@character_set_client */;
/*!40101 SET character_set_client = utf8 */;
CREATE TABLE `level` (
  `name` varchar(50) NOT NULL DEFAULT '',
  `groups` varchar(50) DEFAULT '',
  `direction` varchar(50) DEFAULT '',
  `name_te` varchar(50) DEFAULT ''
) ENGINE=InnoDB DEFAULT CHARSET=utf8;
/*!40101 SET character_set_client = @saved_cs_client */;

--
-- Dumping data for table `level`
--

LOCK TABLES `level` WRITE;
/*!40000 ALTER TABLE `level` DISABLE KEYS */;
INSERT INTO `level` VALUES ('viki.php','PHP11','PHP','daniil.PHP'),('Max.php','PHP11','PHP','daniil.PHP'),('Alex.php','PHP11','PHP','daniil.PHP'),('Dmitro.php','PHP11','PHP','daniil.PHP'),('Kirill.p','pyton8','pyton','MAX.py'),('Anton.P','pyton8','pyton','MAX.py'),('Lena.Des','design7','Design','Elene.des'),('DAsha.des','design7','Design','Elene.des'),('aladin.java','Java5','Java','heniy.java'),('sergey. QA','QA7','QA','Viktor.Qa');
/*!40000 ALTER TABLE `level` ENABLE KEYS */;
UNLOCK TABLES;

--
-- Table structure for table `students`
--

DROP TABLE IF EXISTS `students`;
/*!40101 SET @saved_cs_client     = @@character_set_client */;
/*!40101 SET character_set_client = utf8 */;
CREATE TABLE `students` (
  `id` int(5) NOT NULL AUTO_INCREMENT,
  `name` varchar(50) NOT NULL DEFAULT '',
  `sg_id` varchar(50) NOT NULL DEFAULT '',
  PRIMARY KEY (`id`)
) ENGINE=InnoDB AUTO_INCREMENT=11 DEFAULT CHARSET=utf8;
/*!40101 SET character_set_client = @saved_cs_client */;

--
-- Dumping data for table `students`
--

LOCK TABLES `students` WRITE;
/*!40000 ALTER TABLE `students` DISABLE KEYS */;
INSERT INTO `students` VALUES (1,'viki.php','4'),(2,'Max.php','4'),(3,'Alex.php','4'),(4,'Dmitro.php','4'),(5,'Lena.Des','3'),(6,'DAsha.des','3'),(7,'Kirill.p','5'),(8,'sergey. QA','2'),(9,'Anton.P','5'),(10,'aladin.java','1');
/*!40000 ALTER TABLE `students` ENABLE KEYS */;
UNLOCK TABLES;

--
-- Table structure for table `teachers`
--

DROP TABLE IF EXISTS `teachers`;
/*!40101 SET @saved_cs_client     = @@character_set_client */;
/*!40101 SET character_set_client = utf8 */;
CREATE TABLE `teachers` (
  `id` int(5) NOT NULL AUTO_INCREMENT,
  `Name_te` varchar(50) NOT NULL DEFAULT '',
  `t_d_id` varchar(50) NOT NULL DEFAULT '',
  PRIMARY KEY (`id`)
) ENGINE=InnoDB AUTO_INCREMENT=6 DEFAULT CHARSET=utf8;
/*!40101 SET character_set_client = @saved_cs_client */;

--
-- Dumping data for table `teachers`
--

LOCK TABLES `teachers` WRITE;
/*!40000 ALTER TABLE `teachers` DISABLE KEYS */;
INSERT INTO `teachers` VALUES (1,'daniil.PHP','3'),(2,'MAX.py','5'),(3,'Elene.des','4'),(4,'heniy.java','2'),(5,'Viktor.Qa','1');
/*!40000 ALTER TABLE `teachers` ENABLE KEYS */;
UNLOCK TABLES;
/*!40103 SET TIME_ZONE=@OLD_TIME_ZONE */;

/*!40101 SET SQL_MODE=@OLD_SQL_MODE */;
/*!40014 SET FOREIGN_KEY_CHECKS=@OLD_FOREIGN_KEY_CHECKS */;
/*!40014 SET UNIQUE_CHECKS=@OLD_UNIQUE_CHECKS */;
/*!40101 SET CHARACTER_SET_CLIENT=@OLD_CHARACTER_SET_CLIENT */;
/*!40101 SET CHARACTER_SET_RESULTS=@OLD_CHARACTER_SET_RESULTS */;
/*!40101 SET COLLATION_CONNECTION=@OLD_COLLATION_CONNECTION */;
/*!40111 SET SQL_NOTES=@OLD_SQL_NOTES */;

-- Dump completed on 2019-11-18 16:39:10
